{"model_path": "/app/models/epilepsy_model.keras", "metrics": {"train_accuracy": 0.926562488079071, "val_accuracy": 0.96875, "train_loss": 0.2075769454240799, "val_loss": 0.13216985762119293, "epochs": 9, "batch_size": 15, "architecture": "2xLSTM_+_Dense"}}